mode,case,concurrency,fragment,phase,batches,exchanges,warmup_batches,allocations,zeroed_allocations,reallocations,deallocations,allocations_per_exchange,requested_live_start,requested_live_end,requested_peak_live,requested_peak_growth,requested_live_change,live_before_setup,live_after_teardown,teardown_live_change,identical_repetitions
direct,empty,1,65536,cold,1,1,0,62,2,9,14,62.0,836,76528,76580,75744,75692,836,836,0,3
selected,empty,1,65536,cold,1,1,0,64,2,9,14,64.0,838,83634,83686,82848,82796,838,838,0,3
auto,empty,1,65536,cold,1,1,0,70,4,9,20,70.0,834,83630,114023,113189,82796,834,834,0,3
direct,empty,1,65536,steady,4,4,8,16,0,2,16,4.0,76778,76842,76894,116,64,838,838,0,3
selected,empty,1,65536,steady,4,4,8,16,0,2,16,4.0,83884,83948,84000,116,64,840,840,0,3
auto,empty,1,65536,steady,4,4,8,16,0,2,16,4.0,83880,83944,83996,116,64,836,836,0,3
direct,empty,8,65536,cold,1,8,0,102,2,14,54,12.75,836,99968,102142,101306,99132,836,836,0,3
selected,empty,8,65536,cold,1,8,0,104,2,14,54,13.0,838,107074,109248,108410,106236,838,838,0,3
auto,empty,8,65536,cold,1,8,0,110,4,14,60,13.75,834,107070,132194,131360,106236,834,834,0,3
direct,empty,8,65536,steady,4,32,8,128,0,2,128,4.0,102434,102946,103050,616,512,838,838,0,3
selected,empty,8,65536,steady,4,32,8,128,0,2,128,4.0,109540,110052,110156,616,512,840,840,0,3
auto,empty,8,65536,steady,4,32,8,128,0,2,128,4.0,109536,110048,110152,616,512,836,836,0,3
direct,empty,64,65536,cold,1,64,0,353,2,26,305,5.515625,837,303585,323378,322541,302748,837,837,0,3
selected,empty,64,65536,cold,1,64,0,355,2,26,305,5.546875,839,310691,330484,329645,309852,839,839,0,3
auto,empty,64,65536,cold,1,64,0,361,4,26,311,5.640625,835,310687,330480,329645,309852,835,835,0,3
direct,empty,64,65536,steady,4,256,8,1060,0,2,1060,4.140625,323299,327395,329703,6404,4096,839,839,0,3
selected,empty,64,65536,steady,4,256,8,1060,0,2,1060,4.140625,330405,334501,336809,6404,4096,841,841,0,3
auto,empty,64,65536,steady,4,256,8,1060,0,2,1060,4.140625,330401,334497,336805,6404,4096,837,837,0,3
direct,empty,128,65536,cold,1,128,0,626,2,30,578,4.890625,838,536290,576507,575669,535452,838,838,0,3
selected,empty,128,65536,cold,1,128,0,628,2,30,578,4.90625,840,543396,583613,582773,542556,840,840,0,3
auto,empty,128,65536,cold,1,128,0,634,4,30,584,4.953125,836,543392,583609,582773,542556,836,836,0,3
direct,empty,128,65536,steady,4,512,8,2128,0,2,2128,4.15625,575716,583908,589055,13339,8192,840,840,0,3
selected,empty,128,65536,steady,4,512,8,2128,0,2,2128,4.15625,582822,591014,596161,13339,8192,842,842,0,3
auto,empty,128,65536,steady,4,512,8,2128,0,2,2128,4.15625,582818,591010,596157,13339,8192,838,838,0,3
direct,duplex,1,65536,cold,1,1,0,66,2,9,16,66.0,837,77009,77113,76276,76172,837,837,0,3
selected,duplex,1,65536,cold,1,1,0,68,2,9,16,68.0,839,84115,84219,83380,83276,839,839,0,3
auto,duplex,1,65536,cold,1,1,0,74,4,9,22,74.0,835,84111,114344,113509,83276,835,835,0,3
direct,duplex,1,65536,steady,4,4,8,24,0,2,24,6.0,77259,77323,77427,168,64,839,839,0,3
selected,duplex,1,65536,steady,4,4,8,24,0,2,24,6.0,84365,84429,84533,168,64,841,841,0,3
auto,duplex,1,65536,steady,4,4,8,24,0,2,24,6.0,84361,84425,84529,168,64,837,837,0,3
direct,duplex,8,65536,cold,1,8,0,119,2,13,69,14.875,837,100289,102143,101306,99452,837,837,0,3
selected,duplex,8,65536,cold,1,8,0,121,2,13,69,15.125,839,107395,109249,108410,106556,839,839,0,3
auto,duplex,8,65536,cold,1,8,0,127,4,13,75,15.875,835,107391,132355,131520,106556,835,835,0,3
direct,duplex,8,65536,steady,4,32,8,184,0,2,184,5.75,102755,103267,103735,980,512,839,839,0,3
selected,duplex,8,65536,steady,4,32,8,184,0,2,184,5.75,109861,110373,110841,980,512,841,841,0,3
auto,duplex,8,65536,steady,4,32,8,184,0,2,184,5.75,109857,110369,110837,980,512,837,837,0,3
direct,duplex,64,65536,cold,1,64,0,500,2,22,450,7.8125,838,301666,323395,322557,300828,838,838,0,3
selected,duplex,64,65536,cold,1,64,0,502,2,22,450,7.84375,840,308772,330501,329661,307932,840,840,0,3
auto,duplex,64,65536,cold,1,64,0,508,4,22,456,7.9375,836,308768,330497,329661,307932,836,836,0,3
direct,duplex,64,65536,steady,4,256,8,1636,0,2,1636,6.390625,321380,325476,331026,9646,4096,840,840,0,3
selected,duplex,64,65536,steady,4,256,8,1636,0,2,1636,6.390625,328486,332582,338132,9646,4096,842,842,0,3
auto,duplex,64,65536,steady,4,256,8,1636,0,2,1636,6.390625,328482,332578,338128,9646,4096,838,838,0,3
direct,duplex,128,65536,cold,1,128,0,923,2,25,873,7.2109375,839,531811,576796,575957,530972,839,839,0,3
selected,duplex,128,65536,cold,1,128,0,925,2,25,873,7.2265625,841,538917,583902,583061,538076,841,841,0,3
auto,duplex,128,65536,cold,1,128,0,931,4,25,879,7.2734375,837,538913,583898,583061,538076,837,837,0,3
direct,duplex,128,65536,steady,4,512,8,3304,0,2,3304,6.453125,571237,579429,590819,19582,8192,841,841,0,3
selected,duplex,128,65536,steady,4,512,8,3304,0,2,3304,6.453125,578343,586535,597925,19582,8192,843,843,0,3
auto,duplex,128,65536,steady,4,512,8,3304,0,2,3304,6.453125,578339,586531,597921,19582,8192,839,839,0,3
direct,32k,1,65536,cold,1,1,0,70,2,9,18,70.0,834,77486,77590,76756,76652,834,834,0,3
selected,32k,1,65536,cold,1,1,0,72,2,9,18,72.0,836,84592,84696,83860,83756,836,836,0,3
auto,32k,1,65536,cold,1,1,0,78,4,9,24,78.0,832,84588,114341,113509,83756,832,832,0,3
direct,32k,1,65536,steady,4,4,8,28,0,2,28,7.0,77736,77800,77930,194,64,836,836,0,3
selected,32k,1,65536,steady,4,4,8,28,0,2,28,7.0,84842,84906,85036,194,64,838,838,0,3
auto,32k,1,65536,steady,4,4,8,28,0,2,28,7.0,84838,84902,85032,194,64,834,834,0,3
direct,32k,8,65536,cold,1,8,0,137,2,13,85,17.125,834,100766,102140,101306,99932,834,834,0,3
selected,32k,8,65536,cold,1,8,0,139,2,13,85,17.375,836,107872,109246,108410,107036,836,836,0,3
auto,32k,8,65536,cold,1,8,0,145,4,13,91,18.125,832,107868,132352,131520,107036,832,832,0,3
direct,32k,8,65536,steady,4,32,8,248,0,2,248,7.75,103232,103744,104615,1383,512,836,836,0,3
selected,32k,8,65536,steady,4,32,8,248,0,2,248,7.75,110338,110850,111721,1383,512,838,838,0,3
auto,32k,8,65536,steady,4,32,8,248,0,2,248,7.75,110334,110846,111717,1383,512,834,834,0,3
direct,32k,64,65536,cold,1,64,0,648,2,22,596,10.125,835,302143,323392,322557,301308,835,835,0,3
selected,32k,64,65536,cold,1,64,0,650,2,22,596,10.15625,837,309249,330498,329661,308412,837,837,0,3
auto,32k,64,65536,cold,1,64,0,656,4,22,602,10.25,833,309245,330494,329661,308412,833,833,0,3
direct,32k,64,65536,steady,4,256,8,2220,0,2,2220,8.671875,321857,325953,337017,15160,4096,837,837,0,3
selected,32k,64,65536,steady,4,256,8,2220,0,2,2220,8.671875,328963,333059,344123,15160,4096,839,839,0,3
auto,32k,64,65536,steady,4,256,8,2220,0,2,2220,8.671875,328959,333055,344119,15160,4096,835,835,0,3
direct,32k,128,65536,cold,1,128,0,1217,2,25,1165,9.5078125,836,532288,576793,575957,531452,836,836,0,3
selected,32k,128,65536,cold,1,128,0,1219,2,25,1165,9.5234375,838,539394,583899,583061,538556,838,838,0,3
auto,32k,128,65536,cold,1,128,0,1225,4,25,1171,9.5703125,834,539390,583895,583061,538556,834,834,0,3
direct,32k,128,65536,steady,4,512,8,4472,0,2,4472,8.734375,571714,579906,603186,31472,8192,838,838,0,3
selected,32k,128,65536,steady,4,512,8,4472,0,2,4472,8.734375,578820,587012,610292,31472,8192,840,840,0,3
auto,32k,128,65536,steady,4,512,8,4472,0,2,4472,8.734375,578816,587008,610288,31472,8192,836,836,0,3
direct,1m,1,65536,cold,1,1,0,193,2,9,141,193.0,833,77485,77589,76756,76652,833,833,0,3
selected,1m,1,65536,cold,1,1,0,195,2,9,141,195.0,835,84591,84695,83860,83756,835,835,0,3
auto,1m,1,65536,cold,1,1,0,201,4,9,147,201.0,831,84587,114340,113509,83756,831,831,0,3
direct,1m,1,65536,steady,4,4,8,520,0,2,520,130.0,77735,77799,77955,220,64,835,835,0,3
selected,1m,1,65536,steady,4,4,8,520,0,2,520,130.0,84841,84905,85061,220,64,837,837,0,3
auto,1m,1,65536,steady,4,4,8,520,0,2,520,130.0,84837,84901,85057,220,64,833,833,0,3
direct,1m,8,65536,cold,1,8,0,1129,2,13,1077,141.125,833,100765,102139,101306,99932,833,833,0,3
selected,1m,8,65536,cold,1,8,0,1131,2,13,1077,141.375,835,107871,109245,108410,107036,835,835,0,3
auto,1m,8,65536,cold,1,8,0,1137,4,13,1083,142.125,831,107867,132351,131520,107036,831,831,0,3
direct,1m,8,65536,steady,4,32,8,4216,0,2,4216,131.75,103231,103743,104627,1396,512,835,835,0,3
selected,1m,8,65536,steady,4,32,8,4216,0,2,4216,131.75,110337,110849,111733,1396,512,837,837,0,3
auto,1m,8,65536,steady,4,32,8,4216,0,2,4216,131.75,110333,110845,111729,1396,512,833,833,0,3
direct,1m,64,65536,cold,1,64,0,9718,2,22,9666,151.84375,834,302142,323391,322557,301308,834,834,0,3
selected,1m,64,65536,cold,1,64,0,9720,2,22,9666,151.875,836,309248,330497,329661,308412,836,836,0,3
auto,1m,64,65536,cold,1,64,0,9726,4,22,9672,151.96875,832,309244,330493,329661,308412,832,832,0,3
direct,1m,64,65536,steady,4,256,8,38500,0,2,38500,150.390625,321856,325952,337172,15316,4096,836,836,0,3
selected,1m,64,65536,steady,4,256,8,38500,0,2,38500,150.390625,328962,333058,344278,15316,4096,838,838,0,3
auto,1m,64,65536,steady,4,256,8,38500,0,2,38500,150.390625,328958,333054,344274,15316,4096,834,834,0,3
direct,1m,128,65536,cold,1,128,0,19357,2,25,19305,151.2265625,835,532287,576792,575957,531452,835,835,0,3
selected,1m,128,65536,cold,1,128,0,19359,2,25,19305,151.2421875,837,539393,583898,583061,538556,837,837,0,3
auto,1m,128,65536,cold,1,128,0,19365,4,25,19311,151.2890625,833,539389,583894,583061,538556,833,833,0,3
direct,1m,128,65536,steady,4,512,8,77032,0,2,77032,150.453125,571713,579905,603445,31732,8192,837,837,0,3
selected,1m,128,65536,steady,4,512,8,77032,0,2,77032,150.453125,578819,587011,610551,31732,8192,839,839,0,3
auto,1m,128,65536,steady,4,512,8,77032,0,2,77032,150.453125,578815,587007,610547,31732,8192,835,835,0,3
direct,duplex,1,17,cold,1,1,0,70,4,9,16,70.0,834,142606,142710,141876,141772,834,834,0,3
selected,duplex,1,17,cold,1,1,0,72,4,9,16,72.0,836,149712,149816,148980,148876,836,836,0,3
auto,duplex,1,17,cold,1,1,0,80,7,9,24,80.0,832,149708,149812,148980,148876,832,832,0,3
direct,duplex,1,17,steady,4,4,8,24,0,2,24,6.0,142856,142920,143024,168,64,836,836,0,3
selected,duplex,1,17,steady,4,4,8,24,0,2,24,6.0,149962,150026,150130,168,64,838,838,0,3
auto,duplex,1,17,steady,4,4,8,24,0,2,24,6.0,149958,150022,150126,168,64,834,834,0,3
direct,duplex,8,17,cold,1,8,0,124,4,13,70,15.5,834,165886,167740,166906,165052,834,834,0,3
selected,duplex,8,17,cold,1,8,0,126,4,13,70,15.75,836,172992,174846,174010,172156,836,836,0,3
auto,duplex,8,17,cold,1,8,0,134,7,13,78,16.75,832,172988,174842,174010,172156,832,832,0,3
direct,duplex,8,17,steady,4,32,8,192,0,2,192,6.0,168352,168864,169293,941,512,836,836,0,3
selected,duplex,8,17,steady,4,32,8,192,0,2,192,6.0,175458,175970,176399,941,512,838,838,0,3
auto,duplex,8,17,steady,4,32,8,192,0,2,192,6.0,175454,175966,176395,941,512,834,834,0,3
