mode,case,concurrency,fragment,phase,trials,median_ns,min_ns,max_ns,median_overhead_percent
direct,empty,1,17,steady,5,3698.989013671875,3649.24560546875,6167.2982177734375,0.0
selected,empty,1,17,steady,5,3780.5308837890625,3736.3671875,4870.559326171875,2.204436666770282
auto,empty,1,17,steady,5,3820.523681640625,3681.9095458984375,4302.29296875,3.285618516831068
direct,empty,1,1024,steady,5,2875.4600219726562,2842.2923431396484,4013.128921508789,0.0
selected,empty,1,1024,steady,5,2887.961654663086,2867.0328979492188,3044.004913330078,0.43476983143215797
auto,empty,1,1024,steady,5,2883.0209197998047,2864.1328887939453,3082.0911560058594,0.2629456771915617
direct,empty,1,65536,steady,5,2880.6373596191406,2849.3480377197266,3109.9005126953125,0.0
selected,empty,1,65536,steady,5,2901.0064697265625,2863.898941040039,3051.3657989501953,0.7071042816064521
auto,empty,1,65536,steady,5,2892.9482421875,2860.9827423095703,4413.476989746094,0.42736662173912254
direct,empty,8,17,steady,5,3442.174072265625,3428.6866455078125,6249.19580078125,0.0
selected,empty,8,17,steady,5,3513.268310546875,3488.4779052734375,4572.1558837890625,2.0653876529392434
auto,empty,8,17,steady,5,3505.895263671875,3476.905517578125,4297.98388671875,1.8511902672112335
direct,empty,8,1024,steady,5,2715.880661010742,2684.739059448242,3847.940902709961,0.0
selected,empty,8,1024,steady,5,2700.464614868164,2684.017303466797,3793.4345703125,-0.5676260508751807
auto,empty,8,1024,steady,5,2706.9358978271484,2686.4816131591797,3939.217803955078,-0.3293503765465444
direct,empty,8,65536,steady,5,2733.5064849853516,2686.948989868164,3895.2434844970703,0.0
selected,empty,8,65536,steady,5,2702.807662963867,2685.7188873291016,2826.812713623047,-1.1230564913640162
auto,empty,8,65536,steady,5,2751.0447387695312,2704.973876953125,3457.819625854492,0.6416027867690799
direct,empty,64,17,steady,5,3443.164306640625,3379.34375,3798.4532470703125,0.0
selected,empty,64,17,steady,5,3526.4290771484375,3441.4827880859375,3718.76513671875,2.418263059570669
auto,empty,64,17,steady,5,3494.705810546875,3457.81103515625,5178.5416259765625,1.496922578072879
direct,empty,64,1024,steady,5,2641.5327911376953,2635.0196380615234,2691.0028381347656,0.0
selected,empty,64,1024,steady,5,2663.1790924072266,2641.605728149414,2708.2954864501953,0.8194598735307812
auto,empty,64,1024,steady,5,2670.031005859375,2645.2400512695312,2689.5240020751953,1.0788514463000665
direct,empty,64,65536,steady,5,2633.3499603271484,2632.3545532226562,2665.1039123535156,0.0
selected,empty,64,65536,steady,5,2649.0108795166016,2642.917266845703,2668.549362182617,0.5947146951750915
auto,empty,64,65536,steady,5,2661.4862060546875,2642.440399169922,2685.1996307373047,1.0684582813308863
direct,empty,128,17,steady,5,3407.639892578125,3378.9945068359375,3452.9501953125,0.0
selected,empty,128,17,steady,5,3485.447998046875,3440.8968505859375,3594.1785888671875,2.283342956461354
auto,empty,128,17,steady,5,3464.09033203125,3453.918701171875,3558.3341064453125,1.6565846519192018
direct,empty,128,1024,steady,5,2661.993927001953,2639.0578002929688,3720.8719177246094,0.0
selected,empty,128,1024,steady,5,2664.5486602783203,2653.682388305664,2688.375244140625,0.09597066508879593
auto,empty,128,1024,steady,5,2663.729248046875,2643.0708923339844,2678.9818725585938,0.06518876798777828
direct,empty,128,65536,steady,5,2661.5570526123047,2649.423858642578,3338.4547576904297,0.0
selected,empty,128,65536,steady,5,2678.9278106689453,2656.757293701172,3653.9051666259766,0.6526539808564769
auto,empty,128,65536,steady,5,2657.788787841797,2654.0780029296875,3309.0203247070312,-0.14158121340323016
direct,duplex,1,17,steady,5,39816.560546875,39465.3994140625,54158.51953125,0.0
selected,duplex,1,17,steady,5,42622.16943359375,42339.43505859375,43166.53662109375,7.0463366202004885
auto,duplex,1,17,steady,5,42749.1337890625,42406.48291015625,44083.46044921875,7.365209857177546
direct,duplex,1,1024,steady,5,4570.001403808594,4513.429504394531,4586.7843017578125,0.0
selected,duplex,1,1024,steady,5,4640.0703125,4611.9508056640625,4693.236083984375,1.5332360430570402
auto,duplex,1,1024,steady,5,4688.9617919921875,4608.722412109375,4851.086853027344,2.603071151891845
direct,duplex,1,65536,steady,5,3797.2824096679688,3756.6220092773438,3823.708984375,0.0
selected,duplex,1,65536,steady,5,3814.0165405273438,3782.6659545898438,3912.2452392578125,0.44068702440380747
auto,duplex,1,65536,steady,5,3847.3637084960938,3807.8072509765625,3858.0247192382812,1.318872114979297
direct,duplex,8,17,steady,5,39594.619140625,38983.8095703125,39960.99853515625,0.0
selected,duplex,8,17,steady,5,42289.73388671875,41721.673828125,43393.767578125,6.806770224311864
auto,duplex,8,17,steady,5,42303.6123046875,41713.48193359375,43810.43798828125,6.841821497110989
direct,duplex,8,1024,steady,5,4388.835388183594,4349.02001953125,4443.0877685546875,0.0
selected,duplex,8,1024,steady,5,4415.8253173828125,4374.288757324219,4512.550537109375,0.6149679086138837
auto,duplex,8,1024,steady,5,4440.2701416015625,4404.820495605469,4566.22705078125,1.171945376590111
direct,duplex,8,65536,steady,5,3502.2388305664062,3478.7435913085938,3600.4238891601562,0.0
selected,duplex,8,65536,steady,5,3538.9610595703125,3495.2368774414062,3566.8040771484375,1.0485358303781611
auto,duplex,8,65536,steady,5,3541.4957885742188,3487.083740234375,3639.5233154296875,1.1209103635420492
direct,duplex,64,17,steady,5,39596.298828125,39137.564453125,40331.359375,0.0
selected,duplex,64,17,steady,5,42364.80517578125,41633.08935546875,44813.9345703125,6.991831129655468
auto,duplex,64,17,steady,5,42371.52197265625,41604.17529296875,45803.69677734375,7.008794323372536
direct,duplex,64,1024,steady,5,4362.815856933594,4335.47802734375,4487.619384765625,0.0
selected,duplex,64,1024,steady,5,4444.9208984375,4409.3372802734375,4524.802185058594,1.881927731912425
auto,duplex,64,1024,steady,5,4451.836181640625,4423.4530029296875,4538.6573486328125,2.0404327761291086
direct,duplex,64,65536,steady,5,3562.9649658203125,3531.9376220703125,5070.8028564453125,0.0
selected,duplex,64,65536,steady,5,3618.855224609375,3595.2437744140625,4551.493469238281,1.568644635162575
auto,duplex,64,65536,steady,5,3558.03759765625,3542.7836303710938,3608.8407592773438,-0.13829403913120375
direct,duplex,128,17,steady,5,40292.91552734375,39137.662109375,59903.77783203125,0.0
selected,duplex,128,17,steady,5,42490.53857421875,42216.55078125,52140.828125,5.454117722962093
auto,duplex,128,17,steady,5,42613.662109375,41560.83251953125,62175.96337890625,5.759688897310822
direct,duplex,128,1024,steady,5,4409.778869628906,4363.822937011719,5980.3984375,0.0
selected,duplex,128,1024,steady,5,4528.4359130859375,4444.6097412109375,6650.606201171875,2.690770829218847
auto,duplex,128,1024,steady,5,4494.042541503906,4475.2861328125,7287.05517578125,1.9108366738146865
direct,duplex,128,65536,steady,5,3567.1093139648438,3547.011962890625,3571.6118774414062,0.0
selected,duplex,128,65536,steady,5,3604.0512084960938,3586.8707885742188,3615.2006225585938,1.0356255241920076
auto,duplex,128,65536,steady,5,3592.5488891601562,3576.6045532226562,3837.169189453125,0.7131706083612022
direct,32k,1,17,steady,5,298564.17578125,293870.1875,301973.25390625,0.0
selected,32k,1,17,steady,5,317388.29296875,315400.337890625,337674.23046875,6.304881400537465
auto,32k,1,17,steady,5,316440.43359375,315559.63671875,321002.619140625,5.987408826167218
direct,32k,1,1024,steady,5,13496.75830078125,13162.349609375,13634.69775390625,0.0
selected,32k,1,1024,steady,5,13654.788818359375,13498.19873046875,13747.125244140625,1.1708775845009844
auto,32k,1,1024,steady,5,13766.041015625,13601.482177734375,13838.4814453125,1.9951658675562367
direct,32k,1,65536,steady,5,6947.043212890625,6908.1826171875,7058.69580078125,0.0
selected,32k,1,65536,steady,5,7009.20166015625,6946.268798828125,7075.80712890625,0.8947468060985564
auto,32k,1,65536,steady,5,7022.141357421875,6959.452392578125,7506.892578125,1.0810087432866489
direct,32k,8,17,steady,5,295241.166015625,289272.625,298774.677734375,0.0
selected,32k,8,17,steady,5,321028.4609375,319388.111328125,326402.072265625,8.734315498710043
auto,32k,8,17,steady,5,314830.697265625,312491.05859375,320073.220703125,6.635094798725749
direct,32k,8,1024,steady,5,13323.634033203125,13276.36962890625,15502.071533203125,0.0
selected,32k,8,1024,steady,5,13784.186279296875,13565.5576171875,13827.533203125,3.4566563817801654
auto,32k,8,1024,steady,5,13698.723876953125,13556.643310546875,13939.607177734375,2.81522175417952
direct,32k,8,65536,steady,5,6807.149658203125,6777.052978515625,8785.687255859375,0.0
selected,32k,8,65536,steady,5,6857.32080078125,6826.614013671875,9034.492919921875,0.7370359856517128
auto,32k,8,65536,steady,5,6863.550048828125,6810.133544921875,10100.0283203125,0.8285463587102582
direct,32k,64,17,steady,5,294291.115234375,288782.220703125,300212.421875,0.0
selected,32k,64,17,steady,5,317825.208984375,312093.37109375,464835.58203125,7.996875383498181
auto,32k,64,17,steady,5,335452.259765625,316148.2421875,431926.150390625,13.986539994069824
direct,32k,64,1024,steady,5,13258.03271484375,13097.85400390625,13541.679443359375,0.0
selected,32k,64,1024,steady,5,13692.2158203125,13635.66845703125,13987.36279296875,3.274868261432462
auto,32k,64,1024,steady,5,13699.21875,13566.4609375,13852.656982421875,3.327688539056761
direct,32k,64,65536,steady,5,6851.4404296875,6803.077880859375,7127.568359375,0.0
selected,32k,64,65536,steady,5,7054.39794921875,6994.218505859375,7418.757080078125,2.9622605875959884
auto,32k,64,65536,steady,5,6877.099609375,6820.706298828125,7370.4658203125,0.374507812639191
direct,32k,128,17,steady,5,299760.92578125,297144.78125,418724.59765625,0.0
selected,32k,128,17,steady,5,315060.0078125,313241.38671875,317627.263671875,5.103761269544016
auto,32k,128,17,steady,5,315419.90234375,311699.576171875,329714.654296875,5.22382179121208
direct,32k,128,1024,steady,5,13310.4990234375,13101.52880859375,17212.766357421875,0.0
selected,32k,128,1024,steady,5,13728.662109375,13566.7998046875,19447.156982421875,3.1416033704009694
auto,32k,128,1024,steady,5,13959.72265625,13731.3671875,18717.17138671875,4.877530374100392
direct,32k,128,65536,steady,5,6930.73779296875,6862.843994140625,9491.301513671875,0.0
selected,32k,128,65536,steady,5,7073.021240234375,6989.089111328125,9730.487548828125,2.052933634424492
auto,32k,128,65536,steady,5,6944.680419921875,6907.29736328125,8193.14794921875,0.2011708907422527
direct,1m,1,17,steady,5,9416459.375,9240943.625,9647526.5625,0.0
selected,1m,1,17,steady,5,10118276.75,9985323.6875,10810623.9375,7.453091943063783
auto,1m,1,17,steady,5,10133949.625,10075428.0625,16606490.6875,7.619533217600694
direct,1m,1,1024,steady,5,356500.984375,351742.296875,357777.65625,0.0
selected,1m,1,1024,steady,5,371436.1875,368887.890625,382368.4140625,4.189386223205993
auto,1m,1,1024,steady,5,371833.7578125,370249.625,374724.609375,4.30090633953808
direct,1m,1,65536,steady,5,165160.5546875,163916.765625,167098.8984375,0.0
selected,1m,1,65536,steady,5,165696.5234375,165096.4609375,171001.265625,0.32451377449906893
auto,1m,1,65536,steady,5,165873.8125,165202.6796875,168474.6640625,0.43185723967176237
direct,1m,8,17,steady,5,9244303.375,9148823.1875,14198278.5,0.0
selected,1m,8,17,steady,5,10178800.1875,9944416.25,12412161.5,10.108893819162446
auto,1m,8,17,steady,5,10106065.75,9934038.0,11313838.875,9.32209102235353
direct,1m,8,1024,steady,5,365788.8671875,365259.578125,376594.875,0.0
selected,1m,8,1024,steady,5,374554.0859375,372007.6640625,391822.3203125,2.396250825618229
auto,1m,8,1024,steady,5,374292.5703125,372769.0078125,377751.125,2.3247572268625394
direct,1m,8,65536,steady,5,159534.078125,158830.796875,160808.1796875,0.0
selected,1m,8,65536,steady,5,160912.9921875,160468.3046875,161538.6484375,0.8643382521818177
auto,1m,8,65536,steady,5,161341.7734375,160134.7109375,162056.75,1.1331091975744556
direct,1m,64,17,steady,5,9348093.28125,9221207.703125,12515358.03125,0.0
selected,1m,64,17,steady,5,10722274.421875,10084075.390625,14932679.765625,14.700122252537561
auto,1m,64,17,steady,5,10129765.546875,10085031.28125,11140617.828125,8.3618363885269
direct,1m,64,1024,steady,5,367282.5390625,363304.96875,377863.59375,0.0
selected,1m,64,1024,steady,5,392116.3203125,380355.7265625,396739.5078125,6.761492477532149
auto,1m,64,1024,steady,5,377572.96875,375065.8515625,394676.2890625,2.8017748172201706
direct,1m,64,65536,steady,5,159906.59375,159079.2734375,169476.9765625,0.0
selected,1m,64,65536,steady,5,167101.171875,166889.453125,168339.4609375,4.4992379340204725
auto,1m,64,65536,steady,5,161686.3203125,161129.375,166686.328125,1.1129788464398382
direct,1m,128,17,steady,5,9301262.6328125,9262547.2109375,11012550.1640625,0.0
selected,1m,128,17,steady,5,10230668.5859375,9921075.5703125,12073972.5,9.99225578091185
auto,1m,128,17,steady,5,10039780.859375,9884813.90625,10191726.8984375,7.93997821282022
direct,1m,128,1024,steady,5,365690.265625,364056.9453125,592743.1875,0.0
selected,1m,128,1024,steady,5,378674.734375,376128.9375,410965.359375,3.550673881845956
auto,1m,128,1024,steady,5,384501.8984375,381939.15625,386896.53125,5.144143714175464
direct,1m,128,65536,steady,5,162026.9453125,161153.5625,164430.796875,0.0
selected,1m,128,65536,steady,5,168272.3046875,167069.71875,168885.65625,3.8545189893907095
auto,1m,128,65536,steady,5,164459.8359375,162501.875,166750.4140625,1.501534587538944
direct,paused,1,17,steady,5,3693.1920166015625,3655.3974609375,4319.5360107421875,0.0
selected,paused,1,17,steady,5,3692.7281494140625,3688.8931884765625,3713.136962890625,-0.012560061470268113
auto,paused,1,17,steady,5,3748.5126953125,3688.9791259765625,4297.526611328125,1.4979096256642288
direct,paused,1,1024,steady,5,2905.808563232422,2859.4073028564453,3015.746063232422,0.0
selected,paused,1,1024,steady,5,2887.660690307617,2878.6754760742188,3015.039581298828,-0.624537801781988
auto,paused,1,1024,steady,5,2939.477310180664,2885.6251525878906,3143.8124084472656,1.1586705116867435
direct,paused,1,65536,steady,5,2892.2427520751953,2856.8636474609375,2992.9584197998047,0.0
selected,paused,1,65536,steady,5,2869.9303131103516,2852.490478515625,3846.4559936523438,-0.7714580302374152
auto,paused,1,65536,steady,5,2918.5680389404297,2878.158981323242,3840.1845703125,0.9102032271096849
direct,paused,8,17,steady,5,3369.7763671875,3344.9813232421875,3464.24169921875,0.0
selected,paused,8,17,steady,5,3420.833251953125,3408.2510986328125,3753.18701171875,1.5151416355928093
auto,paused,8,17,steady,5,3415.3577880859375,3405.1622314453125,3442.0780029296875,1.3526541803271286
direct,paused,8,1024,steady,5,2579.9124298095703,2566.464828491211,2594.239517211914,0.0
selected,paused,8,1024,steady,5,2581.665084838867,2573.7783966064453,3657.2893981933594,0.06793467131076536
auto,paused,8,1024,steady,5,2583.2672576904297,2560.904815673828,2733.096450805664,0.13003650209582052
direct,paused,8,65536,steady,5,2576.753463745117,2573.7066345214844,2614.1213989257812,0.0
selected,paused,8,65536,steady,5,2581.8350524902344,2574.316604614258,2600.7127380371094,0.19720896145538624
auto,paused,8,65536,steady,5,2595.2149658203125,2578.182113647461,2636.477813720703,0.7164636561063586
direct,paused,64,17,steady,5,3770.9818115234375,3752.22265625,3785.0491943359375,0.0
selected,paused,64,17,steady,5,3828.140869140625,3806.837158203125,3858.5970458984375,1.5157606287709902
auto,paused,64,17,steady,5,3819.2291259765625,3811.6468505859375,3823.5389404296875,1.2794364137660441
direct,paused,64,1024,steady,5,2592.7508850097656,2575.566696166992,2647.1683959960938,0.0
selected,paused,64,1024,steady,5,2584.8160400390625,2572.5790100097656,2621.3190307617188,-0.30603962056591216
auto,paused,64,1024,steady,5,2610.0130310058594,2582.3309783935547,2625.200469970703,0.665784981345352
direct,paused,64,65536,steady,5,2588.9182739257812,2582.7408447265625,2613.967803955078,0.0
selected,paused,64,65536,steady,5,2612.8544921875,2589.1822509765625,2625.682098388672,0.9245644600987202
auto,paused,64,65536,steady,5,2588.0225372314453,2581.030303955078,2615.295913696289,-0.03459887874242007
direct,paused,128,17,steady,5,4344.2017822265625,4337.3704833984375,4355.2315673828125,0.0
selected,paused,128,17,steady,5,4404.7261962890625,4380.913330078125,4415.0775146484375,1.3932229002373564
auto,paused,128,17,steady,5,4391.0294189453125,4382.8504638671875,4423.6383056640625,1.077934199795605
direct,paused,128,1024,steady,5,2706.9191284179688,2696.2982025146484,3308.7518920898438,0.0
selected,paused,128,1024,steady,5,2709.5760803222656,2699.771026611328,2726.7770385742188,0.09815409246636264
auto,paused,128,1024,steady,5,2703.569076538086,2698.0311584472656,2715.9481811523438,-0.12375884616252497
direct,paused,128,65536,steady,5,2719.514633178711,2687.0176391601562,2724.8792266845703,0.0
selected,paused,128,65536,steady,5,2723.3853759765625,2710.186752319336,3413.349075317383,0.1423321187769222
auto,paused,128,65536,steady,5,2720.621597290039,2703.344436645508,3644.881546020508,0.040704473431496524
direct,empty,1,17,construct,5,10620.78076171875,10604.48291015625,14766.56201171875,0.0
selected,empty,1,17,construct,5,10953.994384765625,10661.9052734375,14367.730224609375,3.137374083154998
auto,empty,1,17,construct,5,16733.25439453125,16210.28857421875,24532.42431640625,57.5520177842681
direct,empty,1,1024,construct,5,8204.86962890625,7940.287841796875,12139.5185546875,0.0
selected,empty,1,1024,construct,5,7993.945068359375,7947.050048828125,11395.345703125,-2.5707240954051858
auto,empty,1,1024,construct,5,10017.9619140625,9853.291259765625,14852.6455078125,22.097758613599616
direct,empty,1,65536,construct,5,8034.381103515625,8000.466064453125,12025.332763671875,0.0
selected,empty,1,65536,construct,5,8015.2607421875,7897.02099609375,9063.348388671875,-0.2379817571730336
auto,empty,1,65536,construct,5,9994.256103515625,9943.470703125,10875.86083984375,24.39360262786654
