mode,case,concurrency,fragment,phase,exchanges,allocations,zeroed_allocations,reallocations,deallocations,requested_live_start,requested_live_end,requested_peak_live,requested_peak_growth,requested_live_change,teardown_live_change
direct,empty,1,65536,cold,1,62,2,9,14,831,76523,76575,75744,75692,0
selected,empty,1,65536,cold,1,64,2,9,14,833,83629,83681,82848,82796,0
auto,empty,1,65536,cold,1,70,4,9,20,829,83625,114018,113189,82796,0
direct,empty,1,65536,steady,4,16,0,2,16,76773,76837,76889,116,64,0
selected,empty,1,65536,steady,4,16,0,2,16,83879,83943,83995,116,64,0
auto,empty,1,65536,steady,4,16,0,2,16,83875,83939,83991,116,64,0
direct,empty,8,65536,cold,8,102,2,14,54,831,99963,102137,101306,99132,0
selected,empty,8,65536,cold,8,104,2,14,54,833,107069,109243,108410,106236,0
auto,empty,8,65536,cold,8,110,4,14,60,829,107065,132189,131360,106236,0
direct,empty,8,65536,steady,32,128,0,2,128,102429,102941,103045,616,512,0
selected,empty,8,65536,steady,32,128,0,2,128,109535,110047,110151,616,512,0
auto,empty,8,65536,steady,32,128,0,2,128,109531,110043,110147,616,512,0
direct,empty,64,65536,cold,64,353,2,26,305,832,303580,323373,322541,302748,0
selected,empty,64,65536,cold,64,355,2,26,305,834,310686,330479,329645,309852,0
auto,empty,64,65536,cold,64,361,4,26,311,830,310682,330475,329645,309852,0
direct,empty,64,65536,steady,256,1060,0,2,1060,323294,327390,329698,6404,4096,0
selected,empty,64,65536,steady,256,1060,0,2,1060,330400,334496,336804,6404,4096,0
auto,empty,64,65536,steady,256,1060,0,2,1060,330396,334492,336800,6404,4096,0
direct,empty,128,65536,cold,128,626,2,30,578,833,536285,576502,575669,535452,0
selected,empty,128,65536,cold,128,628,2,30,578,835,543391,583608,582773,542556,0
auto,empty,128,65536,cold,128,634,4,30,584,831,543387,583604,582773,542556,0
direct,empty,128,65536,steady,512,2128,0,2,2128,575711,583903,589050,13339,8192,0
selected,empty,128,65536,steady,512,2128,0,2,2128,582817,591009,596156,13339,8192,0
auto,empty,128,65536,steady,512,2128,0,2,2128,582813,591005,596152,13339,8192,0
direct,duplex,1,65536,cold,1,66,2,9,16,832,77004,77108,76276,76172,0
selected,duplex,1,65536,cold,1,68,2,9,16,834,84110,84214,83380,83276,0
auto,duplex,1,65536,cold,1,74,4,9,22,830,84106,114339,113509,83276,0
direct,duplex,1,65536,steady,4,24,0,2,24,77254,77318,77422,168,64,0
selected,duplex,1,65536,steady,4,24,0,2,24,84360,84424,84528,168,64,0
auto,duplex,1,65536,steady,4,24,0,2,24,84356,84420,84524,168,64,0
direct,duplex,8,65536,cold,8,119,2,13,69,832,100284,102138,101306,99452,0
selected,duplex,8,65536,cold,8,121,2,13,69,834,107390,109244,108410,106556,0
auto,duplex,8,65536,cold,8,127,4,13,75,830,107386,132350,131520,106556,0
direct,duplex,8,65536,steady,32,184,0,2,184,102750,103262,103730,980,512,0
selected,duplex,8,65536,steady,32,184,0,2,184,109856,110368,110836,980,512,0
auto,duplex,8,65536,steady,32,184,0,2,184,109852,110364,110832,980,512,0
direct,duplex,64,65536,cold,64,500,2,22,450,833,301661,323390,322557,300828,0
selected,duplex,64,65536,cold,64,502,2,22,450,835,308767,330496,329661,307932,0
auto,duplex,64,65536,cold,64,508,4,22,456,831,308763,330492,329661,307932,0
direct,duplex,64,65536,steady,256,1636,0,2,1636,321375,325471,331021,9646,4096,0
selected,duplex,64,65536,steady,256,1636,0,2,1636,328481,332577,338127,9646,4096,0
auto,duplex,64,65536,steady,256,1636,0,2,1636,328477,332573,338123,9646,4096,0
direct,duplex,128,65536,cold,128,923,2,25,873,834,531806,576791,575957,530972,0
selected,duplex,128,65536,cold,128,925,2,25,873,836,538912,583897,583061,538076,0
auto,duplex,128,65536,cold,128,931,4,25,879,832,538908,583893,583061,538076,0
direct,duplex,128,65536,steady,512,3304,0,2,3304,571232,579424,590814,19582,8192,0
selected,duplex,128,65536,steady,512,3304,0,2,3304,578338,586530,597920,19582,8192,0
auto,duplex,128,65536,steady,512,3304,0,2,3304,578334,586526,597916,19582,8192,0
direct,32k,1,65536,cold,1,70,2,9,18,829,77481,77585,76756,76652,0
selected,32k,1,65536,cold,1,72,2,9,18,831,84587,84691,83860,83756,0
auto,32k,1,65536,cold,1,78,4,9,24,827,84583,114336,113509,83756,0
direct,32k,1,65536,steady,4,28,0,2,28,77731,77795,77925,194,64,0
selected,32k,1,65536,steady,4,28,0,2,28,84837,84901,85031,194,64,0
auto,32k,1,65536,steady,4,28,0,2,28,84833,84897,85027,194,64,0
direct,32k,8,65536,cold,8,137,2,13,85,829,100761,102135,101306,99932,0
selected,32k,8,65536,cold,8,139,2,13,85,831,107867,109241,108410,107036,0
auto,32k,8,65536,cold,8,145,4,13,91,827,107863,132347,131520,107036,0
direct,32k,8,65536,steady,32,248,0,2,248,103227,103739,104610,1383,512,0
selected,32k,8,65536,steady,32,248,0,2,248,110333,110845,111716,1383,512,0
auto,32k,8,65536,steady,32,248,0,2,248,110329,110841,111712,1383,512,0
direct,32k,64,65536,cold,64,648,2,22,596,830,302138,323387,322557,301308,0
selected,32k,64,65536,cold,64,650,2,22,596,832,309244,330493,329661,308412,0
auto,32k,64,65536,cold,64,656,4,22,602,828,309240,330489,329661,308412,0
direct,32k,64,65536,steady,256,2220,0,2,2220,321852,325948,337012,15160,4096,0
selected,32k,64,65536,steady,256,2220,0,2,2220,328958,333054,344118,15160,4096,0
auto,32k,64,65536,steady,256,2220,0,2,2220,328954,333050,344114,15160,4096,0
direct,32k,128,65536,cold,128,1217,2,25,1165,831,532283,576788,575957,531452,0
selected,32k,128,65536,cold,128,1219,2,25,1165,833,539389,583894,583061,538556,0
auto,32k,128,65536,cold,128,1225,4,25,1171,829,539385,583890,583061,538556,0
direct,32k,128,65536,steady,512,4472,0,2,4472,571709,579901,603181,31472,8192,0
selected,32k,128,65536,steady,512,4472,0,2,4472,578815,587007,610287,31472,8192,0
auto,32k,128,65536,steady,512,4472,0,2,4472,578811,587003,610283,31472,8192,0
direct,1m,1,65536,cold,1,193,2,9,141,828,77480,77584,76756,76652,0
selected,1m,1,65536,cold,1,195,2,9,141,830,84586,84690,83860,83756,0
auto,1m,1,65536,cold,1,201,4,9,147,826,84582,114335,113509,83756,0
direct,1m,1,65536,steady,4,520,0,2,520,77730,77794,77950,220,64,0
selected,1m,1,65536,steady,4,520,0,2,520,84836,84900,85056,220,64,0
auto,1m,1,65536,steady,4,520,0,2,520,84832,84896,85052,220,64,0
direct,1m,8,65536,cold,8,1129,2,13,1077,828,100760,102134,101306,99932,0
selected,1m,8,65536,cold,8,1131,2,13,1077,830,107866,109240,108410,107036,0
auto,1m,8,65536,cold,8,1137,4,13,1083,826,107862,132346,131520,107036,0
direct,1m,8,65536,steady,32,4216,0,2,4216,103226,103738,104622,1396,512,0
selected,1m,8,65536,steady,32,4216,0,2,4216,110332,110844,111728,1396,512,0
auto,1m,8,65536,steady,32,4216,0,2,4216,110328,110840,111724,1396,512,0
direct,1m,64,65536,cold,64,9718,2,22,9666,829,302137,323386,322557,301308,0
selected,1m,64,65536,cold,64,9720,2,22,9666,831,309243,330492,329661,308412,0
auto,1m,64,65536,cold,64,9726,4,22,9672,827,309239,330488,329661,308412,0
direct,1m,64,65536,steady,256,38500,0,2,38500,321851,325947,337167,15316,4096,0
selected,1m,64,65536,steady,256,38500,0,2,38500,328957,333053,344273,15316,4096,0
auto,1m,64,65536,steady,256,38500,0,2,38500,328953,333049,344269,15316,4096,0
direct,1m,128,65536,cold,128,19357,2,25,19305,830,532282,576787,575957,531452,0
selected,1m,128,65536,cold,128,19359,2,25,19305,832,539388,583893,583061,538556,0
auto,1m,128,65536,cold,128,19365,4,25,19311,828,539384,583889,583061,538556,0
direct,1m,128,65536,steady,512,77032,0,2,77032,571708,579900,603440,31732,8192,0
selected,1m,128,65536,steady,512,77032,0,2,77032,578814,587006,610546,31732,8192,0
auto,1m,128,65536,steady,512,77032,0,2,77032,578810,587002,610542,31732,8192,0
direct,duplex,1,17,cold,1,70,4,9,16,829,142601,142705,141876,141772,0
selected,duplex,1,17,cold,1,72,4,9,16,831,149707,149811,148980,148876,0
auto,duplex,1,17,cold,1,80,7,9,24,827,149703,149807,148980,148876,0
direct,duplex,1,17,steady,4,24,0,2,24,142851,142915,143019,168,64,0
selected,duplex,1,17,steady,4,24,0,2,24,149957,150021,150125,168,64,0
auto,duplex,1,17,steady,4,24,0,2,24,149953,150017,150121,168,64,0
direct,duplex,8,17,cold,8,124,4,13,70,829,165881,167735,166906,165052,0
selected,duplex,8,17,cold,8,126,4,13,70,831,172987,174841,174010,172156,0
auto,duplex,8,17,cold,8,134,7,13,78,827,172983,174837,174010,172156,0
direct,duplex,8,17,steady,32,192,0,2,192,168347,168859,169288,941,512,0
selected,duplex,8,17,steady,32,192,0,2,192,175453,175965,176394,941,512,0
auto,duplex,8,17,steady,32,192,0,2,192,175449,175961,176390,941,512,0
