mode,case,concurrency,fragment,phase,exchanges,allocations,zeroed_allocations,reallocations,deallocations,requested_live_change,requested_peak_growth,requested_live_start,requested_live_end,requested_peak_live,live_before_setup,teardown_live_change
direct,empty,1,65536,cold,1,62,2,9,14,75692,75744,847,76539,76591,847,0
selected,empty,1,65536,cold,1,64,2,9,14,82796,82848,849,83645,83697,849,0
auto,empty,1,65536,cold,1,70,4,9,20,82796,113189,845,83641,114034,845,0
direct,empty,1,65536,steady,4,16,0,2,16,64,116,76789,76853,76905,849,0
selected,empty,1,65536,steady,4,16,0,2,16,64,116,83895,83959,84011,851,0
auto,empty,1,65536,steady,4,16,0,2,16,64,116,83891,83955,84007,847,0
direct,empty,8,65536,cold,8,102,2,14,54,99132,101306,847,99979,102153,847,0
selected,empty,8,65536,cold,8,104,2,14,54,106236,108410,849,107085,109259,849,0
auto,empty,8,65536,cold,8,110,4,14,60,106236,131360,845,107081,132205,845,0
direct,empty,8,65536,steady,32,128,0,2,128,512,616,102445,102957,103061,849,0
selected,empty,8,65536,steady,32,128,0,2,128,512,616,109551,110063,110167,851,0
auto,empty,8,65536,steady,32,128,0,2,128,512,616,109547,110059,110163,847,0
direct,empty,64,65536,cold,64,353,2,26,305,302748,322541,848,303596,323389,848,0
selected,empty,64,65536,cold,64,355,2,26,305,309852,329645,850,310702,330495,850,0
auto,empty,64,65536,cold,64,361,4,26,311,309852,329645,846,310698,330491,846,0
direct,empty,64,65536,steady,256,1060,0,2,1060,4096,6404,323310,327406,329714,850,0
selected,empty,64,65536,steady,256,1060,0,2,1060,4096,6404,330416,334512,336820,852,0
auto,empty,64,65536,steady,256,1060,0,2,1060,4096,6404,330412,334508,336816,848,0
direct,empty,128,65536,cold,128,626,2,30,578,535452,575669,849,536301,576518,849,0
selected,empty,128,65536,cold,128,628,2,30,578,542556,582773,851,543407,583624,851,0
auto,empty,128,65536,cold,128,634,4,30,584,542556,582773,847,543403,583620,847,0
direct,empty,128,65536,steady,512,2128,0,2,2128,8192,13339,575727,583919,589066,851,0
selected,empty,128,65536,steady,512,2128,0,2,2128,8192,13339,582833,591025,596172,853,0
auto,empty,128,65536,steady,512,2128,0,2,2128,8192,13339,582829,591021,596168,849,0
direct,duplex,1,65536,cold,1,66,2,9,16,76172,76276,848,77020,77124,848,0
selected,duplex,1,65536,cold,1,68,2,9,16,83276,83380,850,84126,84230,850,0
auto,duplex,1,65536,cold,1,74,4,9,22,83276,113509,846,84122,114355,846,0
direct,duplex,1,65536,steady,4,24,0,2,24,64,168,77270,77334,77438,850,0
selected,duplex,1,65536,steady,4,24,0,2,24,64,168,84376,84440,84544,852,0
auto,duplex,1,65536,steady,4,24,0,2,24,64,168,84372,84436,84540,848,0
direct,duplex,8,65536,cold,8,119,2,13,69,99452,101306,848,100300,102154,848,0
selected,duplex,8,65536,cold,8,121,2,13,69,106556,108410,850,107406,109260,850,0
auto,duplex,8,65536,cold,8,127,4,13,75,106556,131520,846,107402,132366,846,0
direct,duplex,8,65536,steady,32,184,0,2,184,512,980,102766,103278,103746,850,0
selected,duplex,8,65536,steady,32,184,0,2,184,512,980,109872,110384,110852,852,0
auto,duplex,8,65536,steady,32,184,0,2,184,512,980,109868,110380,110848,848,0
direct,duplex,64,65536,cold,64,500,2,22,450,300828,322557,849,301677,323406,849,0
selected,duplex,64,65536,cold,64,502,2,22,450,307932,329661,851,308783,330512,851,0
auto,duplex,64,65536,cold,64,508,4,22,456,307932,329661,847,308779,330508,847,0
direct,duplex,64,65536,steady,256,1636,0,2,1636,4096,9646,321391,325487,331037,851,0
selected,duplex,64,65536,steady,256,1636,0,2,1636,4096,9646,328497,332593,338143,853,0
auto,duplex,64,65536,steady,256,1636,0,2,1636,4096,9646,328493,332589,338139,849,0
direct,duplex,128,65536,cold,128,923,2,25,873,530972,575957,850,531822,576807,850,0
selected,duplex,128,65536,cold,128,925,2,25,873,538076,583061,852,538928,583913,852,0
auto,duplex,128,65536,cold,128,931,4,25,879,538076,583061,848,538924,583909,848,0
direct,duplex,128,65536,steady,512,3304,0,2,3304,8192,19582,571248,579440,590830,852,0
selected,duplex,128,65536,steady,512,3304,0,2,3304,8192,19582,578354,586546,597936,854,0
auto,duplex,128,65536,steady,512,3304,0,2,3304,8192,19582,578350,586542,597932,850,0
direct,32k,1,65536,cold,1,70,2,9,18,76652,76756,845,77497,77601,845,0
selected,32k,1,65536,cold,1,72,2,9,18,83756,83860,847,84603,84707,847,0
auto,32k,1,65536,cold,1,78,4,9,24,83756,113509,843,84599,114352,843,0
direct,32k,1,65536,steady,4,28,0,2,28,64,194,77747,77811,77941,847,0
selected,32k,1,65536,steady,4,28,0,2,28,64,194,84853,84917,85047,849,0
auto,32k,1,65536,steady,4,28,0,2,28,64,194,84849,84913,85043,845,0
direct,32k,8,65536,cold,8,137,2,13,85,99932,101306,845,100777,102151,845,0
selected,32k,8,65536,cold,8,139,2,13,85,107036,108410,847,107883,109257,847,0
auto,32k,8,65536,cold,8,145,4,13,91,107036,131520,843,107879,132363,843,0
direct,32k,8,65536,steady,32,248,0,2,248,512,1383,103243,103755,104626,847,0
selected,32k,8,65536,steady,32,248,0,2,248,512,1383,110349,110861,111732,849,0
auto,32k,8,65536,steady,32,248,0,2,248,512,1383,110345,110857,111728,845,0
direct,32k,64,65536,cold,64,648,2,22,596,301308,322557,846,302154,323403,846,0
selected,32k,64,65536,cold,64,650,2,22,596,308412,329661,848,309260,330509,848,0
auto,32k,64,65536,cold,64,656,4,22,602,308412,329661,844,309256,330505,844,0
direct,32k,64,65536,steady,256,2220,0,2,2220,4096,15160,321868,325964,337028,848,0
selected,32k,64,65536,steady,256,2220,0,2,2220,4096,15160,328974,333070,344134,850,0
auto,32k,64,65536,steady,256,2220,0,2,2220,4096,15160,328970,333066,344130,846,0
direct,32k,128,65536,cold,128,1217,2,25,1165,531452,575957,847,532299,576804,847,0
selected,32k,128,65536,cold,128,1219,2,25,1165,538556,583061,849,539405,583910,849,0
auto,32k,128,65536,cold,128,1225,4,25,1171,538556,583061,845,539401,583906,845,0
direct,32k,128,65536,steady,512,4472,0,2,4472,8192,31472,571725,579917,603197,849,0
selected,32k,128,65536,steady,512,4472,0,2,4472,8192,31472,578831,587023,610303,851,0
auto,32k,128,65536,steady,512,4472,0,2,4472,8192,31472,578827,587019,610299,847,0
direct,1m,1,65536,cold,1,193,2,9,141,76652,76756,844,77496,77600,844,0
selected,1m,1,65536,cold,1,195,2,9,141,83756,83860,846,84602,84706,846,0
auto,1m,1,65536,cold,1,201,4,9,147,83756,113509,842,84598,114351,842,0
direct,1m,1,65536,steady,4,520,0,2,520,64,220,77746,77810,77966,846,0
selected,1m,1,65536,steady,4,520,0,2,520,64,220,84852,84916,85072,848,0
auto,1m,1,65536,steady,4,520,0,2,520,64,220,84848,84912,85068,844,0
direct,1m,8,65536,cold,8,1129,2,13,1077,99932,101306,844,100776,102150,844,0
selected,1m,8,65536,cold,8,1131,2,13,1077,107036,108410,846,107882,109256,846,0
auto,1m,8,65536,cold,8,1137,4,13,1083,107036,131520,842,107878,132362,842,0
direct,1m,8,65536,steady,32,4216,0,2,4216,512,1396,103242,103754,104638,846,0
selected,1m,8,65536,steady,32,4216,0,2,4216,512,1396,110348,110860,111744,848,0
auto,1m,8,65536,steady,32,4216,0,2,4216,512,1396,110344,110856,111740,844,0
direct,1m,64,65536,cold,64,9718,2,22,9666,301308,322557,845,302153,323402,845,0
selected,1m,64,65536,cold,64,9720,2,22,9666,308412,329661,847,309259,330508,847,0
auto,1m,64,65536,cold,64,9726,4,22,9672,308412,329661,843,309255,330504,843,0
direct,1m,64,65536,steady,256,38500,0,2,38500,4096,15316,321867,325963,337183,847,0
selected,1m,64,65536,steady,256,38500,0,2,38500,4096,15316,328973,333069,344289,849,0
auto,1m,64,65536,steady,256,38500,0,2,38500,4096,15316,328969,333065,344285,845,0
direct,1m,128,65536,cold,128,19357,2,25,19305,531452,575957,846,532298,576803,846,0
selected,1m,128,65536,cold,128,19359,2,25,19305,538556,583061,848,539404,583909,848,0
auto,1m,128,65536,cold,128,19365,4,25,19311,538556,583061,844,539400,583905,844,0
direct,1m,128,65536,steady,512,77032,0,2,77032,8192,31732,571724,579916,603456,848,0
selected,1m,128,65536,steady,512,77032,0,2,77032,8192,31732,578830,587022,610562,850,0
auto,1m,128,65536,steady,512,77032,0,2,77032,8192,31732,578826,587018,610558,846,0
direct,duplex,1,17,cold,1,70,4,9,16,141772,141876,845,142617,142721,845,0
selected,duplex,1,17,cold,1,72,4,9,16,148876,148980,847,149723,149827,847,0
auto,duplex,1,17,cold,1,80,7,9,24,148876,148980,843,149719,149823,843,0
direct,duplex,1,17,steady,4,24,0,2,24,64,168,142867,142931,143035,847,0
selected,duplex,1,17,steady,4,24,0,2,24,64,168,149973,150037,150141,849,0
auto,duplex,1,17,steady,4,24,0,2,24,64,168,149969,150033,150137,845,0
direct,duplex,8,17,cold,8,124,4,13,70,165052,166906,845,165897,167751,845,0
selected,duplex,8,17,cold,8,126,4,13,70,172156,174010,847,173003,174857,847,0
auto,duplex,8,17,cold,8,134,7,13,78,172156,174010,843,172999,174853,843,0
direct,duplex,8,17,steady,32,192,0,2,192,512,941,168363,168875,169304,847,0
selected,duplex,8,17,steady,32,192,0,2,192,512,941,175469,175981,176410,849,0
auto,duplex,8,17,steady,32,192,0,2,192,512,941,175465,175977,176406,845,0
