case,concurrency,phase,backend,trial_groups,process_runs,cohorts_per_process,warmup_cohorts,wall_ns_per_exchange_median,wall_ns_per_exchange_min,wall_ns_per_exchange_max,wall_ns_per_exchange_p25,wall_ns_per_exchange_p75,wall_median_bootstrap95_low,wall_median_bootstrap95_high,cpu_ns_per_exchange_median,cpu_ns_per_exchange_min,cpu_ns_per_exchange_max,cohort_completion_ns_median,exchanges_per_second,bidirectional_payload_mib_per_second,cold_connection_p50_ns,cold_connection_p95_ns
duplex1m,1,cold,generic,5,30,1,0,2162210.8333333335,2148563.5,2197515.8333333335,2159957.8333333335,2168865.1666666665,2148563.5,2197515.8333333335,2149466.6666666665,2136316.6666666665,2164733.3333333335,2162210.8333333335,462.48958916664384,924.9791783332877,2128378.5,2361266.8
duplex1m,1,cold,native,5,30,1,0,1712258.6666666667,1665335.8333333333,1742475.6666666667,1698554.5,1721874.3333333333,1665335.8333333333,1742475.6666666667,1701583.3333333333,1662916.6666666667,1740066.6666666667,1712258.6666666667,584.0239091601425,1168.047818320285,1685723.0,1852502.0
duplex1m,1,steady,generic,5,5,174,8,1821550.6724137932,1790158.4540229884,1892214.2988505748,1803062.4827586208,1846218.5862068965,1790158.4540229884,1892214.2988505748,1818562.0689655172,1790000.0,1892001.7241379311,1821550.6724137932,548.9828063223018,1097.9656126446037,,
duplex1m,1,steady,native,5,5,174,8,1427831.0977011495,1421855.9252873564,1518800.4655172413,1423850.2988505748,1438216.948275862,1421855.9252873564,1518800.4655172413,1427660.3448275863,1420462.6436781608,1516846.551724138,1427831.0977011495,700.3629502187126,1400.7259004374253,,
duplex1m,8,cold,generic,5,5,1,0,1672762.125,1640974.125,2357920.625,1649668.875,1973574.5,1640974.125,2357920.625,1669600.0,1640562.5,2357537.5,13382097.0,597.8136311521281,1195.6272623042562,13382097,18248411.2
duplex1m,8,cold,native,5,5,1,0,1348082.25,1340879.25,1982815.375,1345032.375,1353390.5,1340879.25,1982815.375,1347712.5,1339775.0,1978862.5,10784658.0,741.7945010402741,1483.5890020805482,10784658,14855443.2
duplex1m,8,steady,generic,5,5,25,8,1556009.715,1543845.15,1670579.94,1550830.36,1639095.85,1543845.15,1670579.94,1555952.0,1543773.0,1670521.0,12448077.72,642.6695092967334,1285.3390185934668,,
duplex1m,8,steady,native,5,5,25,8,1287243.065,1272278.485,1402041.405,1276629.315,1293897.485,1272278.485,1402041.405,1287224.0,1272265.0,1402025.0,10297944.52,776.8540590273058,1553.7081180546115,,
duplex1m,32,cold,generic,5,5,1,0,1623447.78125,1611008.125,1762412.5,1615898.6875,1628674.78125,1611008.125,1762412.5,1622878.125,1610084.375,1761518.75,51950329.0,615.972999901502,1231.945999803004,51950329,55541278.6
duplex1m,32,cold,native,5,5,1,0,1320503.8125,1306703.5625,1322835.1875,1319071.28125,1321215.4375,1306703.5625,1322835.1875,1319625.0,1306131.25,1321881.25,42256122.0,757.2867193066131,1514.5734386132262,42256122,42320359.6
duplex1m,32,steady,generic,5,5,7,8,1589670.96875,1583170.2232142857,1671347.0892857143,1585749.263392857,1593964.299107143,1583170.2232142857,1671347.0892857143,1589622.767857143,1583145.5357142857,1671267.857142857,50869471.0,629.0609941668157,1258.1219883336314,,
duplex1m,32,steady,native,5,5,7,8,1306937.1964285714,1283520.25,1574429.6830357143,1298568.2455357143,1394852.5848214286,1283520.25,1574429.6830357143,1306863.8392857143,1283474.5535714286,1574408.0357142857,41821990.28571428,765.1477077342893,1530.2954154685785,,
duplex1m,128,cold,generic,5,5,1,0,1646156.3046875,1629952.1640625,1729179.28125,1641062.9375,1651422.359375,1629952.1640625,1729179.28125,1646035.9375,1629725.78125,1728899.21875,210708007.0,607.4757282479541,1214.9514564959081,210708007,219344370.8
duplex1m,128,cold,native,5,5,1,0,1327342.2265625,1314249.8515625,1387118.0,1325577.796875,1339118.328125,1314249.8515625,1387118.0,1327107.8125,1313933.59375,1386874.21875,169899805.0,753.3852084173964,1506.7704168347927,169899805,176322312.4
duplex1m,128,steady,generic,5,5,2,8,1644528.94140625,1632702.98828125,1692788.203125,1638961.37890625,1648541.5,1632702.98828125,1692788.203125,1644478.515625,1632648.828125,1692735.9375,210499704.5,608.0768631197769,1216.1537262395539,,
duplex1m,128,steady,native,5,5,2,8,1325511.77734375,1321647.2265625,1414829.67578125,1325101.953125,1332893.70703125,1321647.2265625,1414829.67578125,1325492.96875,1321629.296875,1414791.015625,169665507.5,754.4255864734322,1508.8511729468644,,
empty,1,cold,generic,5,155,1,0,315752.3870967742,304471.51612903224,379511.8064516129,306794.7419354839,368560.1935483871,304471.51612903224,379511.8064516129,307777.4193548387,293116.12903225806,370545.1612903226,315752.3870967742,3167.038606404937,0.3866013923834152,328404,449126.2999999995
empty,1,cold,native,5,155,1,0,255142.4516129032,240816.09677419355,304114.12903225806,249580.61290322582,273565.29032258067,240816.09677419355,304114.12903225806,252219.35483870967,238432.25806451612,300300.0,255142.4516129032,3919.379129887719,0.47843983519137195,242903,325094.9999999998
empty,1,steady,generic,5,5,7850,2048,35765.115541401276,34973.912738853505,50690.04445859873,35017.749936305736,39174.40203821656,34973.912738853505,50690.04445859873,35764.59872611465,34973.452229299364,50689.24840764331,35765.115541401276,27960.206051687765,3.4131110902939166,,
empty,1,steady,native,5,5,7850,2048,32818.14815286624,31626.63617834395,47168.14560509554,32573.068789808916,36874.99732484076,31626.63617834395,47168.14560509554,32817.68152866242,31626.242038216562,47165.31210191083,32818.14815286624,30470.945384913895,3.719597825306872,,
empty,8,cold,generic,5,105,1,0,74347.5,71079.02380952382,90048.17857142857,72931.42261904762,83549.88095238095,71079.02380952382,90048.17857142857,71022.61904761905,69429.76190476191,88355.35714285714,594780.0,13450.351390430074,1.6418885974646087,599409,813630.7999999999
empty,8,cold,native,5,105,1,0,64086.02976190476,57708.57142857143,77403.97619047618,60721.14880952381,75577.76785714286,57708.57142857143,77403.97619047618,62744.04761904762,57332.73809523809,77105.95238095238,512688.2380952381,15604.024835291622,1.9047881879018094,549607,641448.2
empty,8,steady,generic,5,5,1223,256,28933.4568683565,28689.616107931317,40495.093826655764,28718.8603843009,29473.39196647588,28689.616107931317,40495.093826655764,28933.115290269827,28689.227309893704,40494.562551103845,231467.654946852,34562.064413867694,4.219002003645959,,
empty,8,steady,native,5,5,1223,256,25545.131234668846,25317.0665372036,35216.44858953393,25379.338716271464,26461.838716271464,25317.0665372036,35216.44858953393,25544.112837285364,25214.452166802945,35215.3413736713,204361.04987735077,39146.40292169803,4.778613637902591,,
empty,32,cold,generic,5,45,1,0,42053.725694444445,40415.79861111111,56485.208333333336,41162.399305555555,46611.711805555555,40415.79861111111,56485.208333333336,41610.416666666664,40320.13888888889,56412.15277777778,1345719.2222222222,23779.10597662233,2.9027228975369055,1312918,1888208.0
empty,32,cold,native,5,45,1,0,38416.46527777778,37391.163194444445,53402.166666666664,37766.17361111111,38966.475694444445,37391.163194444445,53402.166666666664,38071.180555555555,37320.833333333336,52422.916666666664,1229326.888888889,26030.505221375886,3.177551906906236,1216416,1721264.7999999998
empty,32,steady,generic,5,5,321,64,27969.002920560746,27687.011390186915,39501.30646417446,27699.791666666668,38174.14972741433,27687.011390186915,39501.30646417446,27968.107476635512,27686.03971962617,39500.827492211836,895008.0934579439,35753.866622999056,4.364485671752814,,
empty,32,steady,native,5,5,321,64,25308.474007009347,24461.360397196262,31804.721865264797,24476.828757788164,30950.982671339563,24461.360397196262,31804.721865264797,25308.167834890966,24460.96183800623,31803.679906542056,809871.1682242991,39512.457358078704,4.823298017343592,,
empty,128,cold,generic,5,15,1,0,34647.890625,34125.760416666664,57179.901041666664,34359.294270833336,46045.197916666664,34125.760416666664,57179.901041666664,34573.4375,34106.25,56938.28125,4434930.0,28861.78586809713,3.5231672202267004,4512358,7381384.8999999985
empty,128,cold,native,5,15,1,0,31815.296875,31191.083333333332,47452.955729166664,31438.947916666668,43763.9140625,31191.083333333332,47452.955729166664,31793.75,31173.4375,47412.5,4072358.0,31431.421304315583,3.836843420936961,4156553,6111259.1
empty,128,steady,generic,5,5,77,32,28752.713575487014,28460.547280844155,40459.65523538961,28478.865969967534,30810.309050324675,28460.547280844155,40459.65523538961,28752.39448051948,28460.146103896102,40458.55316558442,3680347.337662338,34779.32604081394,4.245523198341545,,
empty,128,steady,native,5,5,77,32,26853.08492288961,25388.10562094156,37450.90564123377,25452.204443993505,31500.384131493505,25388.10562094156,37450.90564123377,26852.100243506495,25387.743506493505,37450.34496753247,3437194.8701298703,37239.66921758023,4.545858058786649,,
fixed4k,1,cold,generic,5,155,1,0,350718.03225806454,343253.22580645164,380669.5483870968,345630.32258064515,352553.5483870968,343253.22580645164,380669.5483870968,339145.1612903226,332938.70967741933,377500.0,350718.03225806454,2851.293369666782,22.275729450521734,347405,436136.3
fixed4k,1,cold,native,5,155,1,0,285690.8387096774,283097.5806451613,337323.7419354839,283142.8387096774,294578.5483870968,283097.5806451613,337323.7419354839,282748.3870967742,280061.29032258067,325554.8387096774,285690.8387096774,3500.2872493794334,27.345994135776824,299004,355624.29999999993
fixed4k,1,steady,generic,5,5,5584,2048,49705.737643266475,48682.090974212035,69808.30336676218,49156.17227793696,50465.37052292263,48682.090974212035,69808.30336676218,49703.88610315186,48680.21131805157,69807.3782234957,49705.737643266475,20118.401766349558,157.17501379960592,,
fixed4k,1,steady,native,5,5,5584,2048,44816.89058022923,44087.23477793696,59357.2106017192,44289.24212034384,46961.44931948424,44087.23477793696,59357.2106017192,44816.27865329513,44081.21418338109,59356.37535816619,44816.89058022923,22313.016076156466,174.3204380949724,,
fixed4k,8,cold,generic,5,75,1,0,87772.95833333333,84542.75833333333,105234.05,85076.225,92555.11666666667,84542.75833333333,105234.05,87433.33333333333,84062.5,104222.5,702183.6666666666,11393.03059835722,89.00805154966578,684810,956592.7999999999
fixed4k,8,cold,native,5,75,1,0,75909.45,73197.40833333334,97825.59166666666,74716.09166666666,76747.69166666667,73197.40833333334,97825.59166666666,74855.83333333333,72930.0,94940.83333333333,607275.6,13173.59037642876,102.91867481584968,602308,780561.3
fixed4k,8,steady,generic,5,5,885,256,40960.30946327683,40417.736299435026,43991.077259887,40679.74858757062,41024.92514124294,40417.736299435026,43991.077259887,40959.70338983051,40417.274011299436,43990.621468926554,327682.47570621467,24413.878046906724,190.73342224145878,,
fixed4k,8,steady,native,5,5,885,256,35452.18375706215,35257.00706214689,38078.48968926554,35354.4604519774,35790.23460451978,35257.00706214689,38078.48968926554,35451.680790960454,35255.77683615819,38074.19491525424,283617.4700564972,28207.007129731406,220.3672432010266,,
fixed4k,32,cold,generic,5,35,1,0,55441.4375,52943.625,61074.27232142857,54000.71428571428,56686.080357142855,52943.625,61074.27232142857,54219.642857142855,52231.69642857143,60958.92857142857,1774126.0,18037.050356062646,140.91445590673942,1703717,2273899.5999999996
fixed4k,32,cold,native,5,35,1,0,47970.330357142855,47565.20982142857,49197.14732142857,47844.888392857145,49182.794642857145,47565.20982142857,49197.14732142857,47787.5,47425.892857142855,48302.232142857145,1535050.5714285714,20846.218747190647,162.86108396242693,1520522,1758864.5999999999
fixed4k,32,steady,generic,5,5,234,64,38307.4125267094,37999.0,53750.79019764957,38295.61725427351,43023.26856303419,37999.0,53750.79019764957,38306.931089743586,37998.47756410256,53749.17200854701,1225837.2008547008,26104.608326202182,203.94225254845455,,
fixed4k,32,steady,native,5,5,234,64,34043.01295405983,33245.316639957266,49499.832932692305,33397.13060897436,46789.30515491453,33245.316639957266,49499.832932692305,34042.57478632479,33244.85844017094,49499.105235042734,1089376.4145299145,29374.603280546122,229.48908812926658,,
fixed4k,128,cold,generic,5,10,1,0,44962.37890625,44506.6953125,61171.828125,44530.328125,45583.484375,44506.6953125,61171.828125,44944.53125,44421.484375,61146.875,5755184.5,22240.81608504471,173.7563756644118,5799634.5,7838414.1
fixed4k,128,cold,native,5,10,1,0,40543.95703125,39784.55859375,56847.16796875,40133.3984375,40641.421875,39784.55859375,56847.16796875,40397.265625,39739.0625,56827.734375,5189626.5,24664.588097043208,192.69209450815006,5194226.0,7283292.55
fixed4k,128,steady,generic,5,5,58,32,38471.843345905174,38212.190193965514,53444.29485452586,38347.89668642241,40616.07314116379,38212.190193965514,53444.29485452586,38467.98221982759,38211.65140086207,53442.4838362069,4924395.948275862,25993.035764074895,203.07059190683512,,
fixed4k,128,steady,native,5,5,58,32,33915.226158405174,33559.56411637931,35832.3236799569,33688.66864224138,34063.400862068964,33559.56411637931,35832.3236799569,33914.762931034486,33559.11907327586,35831.9369612069,4341148.948275862,29485.28178256512,230.35376392629,,
stream1m,1,cold,generic,5,30,1,0,2251032.6666666665,2130564.6666666665,2870271.8333333335,2157125.5,2345665.3333333335,2130564.6666666665,2870271.8333333335,2208616.6666666665,2128233.3333333335,2852816.6666666665,2251032.6666666665,444.2405544832905,888.481108966581,2249083.0,2987950.0
stream1m,1,cold,native,5,30,1,0,1691486.3333333333,1640024.0,2199813.3333333335,1676474.1666666667,1710889.8333333333,1640024.0,2199813.3333333335,1689050.0,1636700.0,2178750.0,1691486.3333333333,591.1960270050463,1182.3920540100926,1695872.0,2207165.0
stream1m,1,steady,generic,5,5,173,8,1839831.3641618497,1812878.4624277456,2569297.1445086705,1830468.0289017342,1970541.583815029,1812878.4624277456,2569297.1445086705,1839621.387283237,1812751.4450867053,2569085.549132948,1839831.3641618497,543.5280751698448,1087.0561503396896,,
stream1m,1,steady,native,5,5,173,8,1442374.2138728325,1420360.2485549133,1721591.9826589595,1430242.5606936417,1675154.3005780347,1420360.2485549133,1721591.9826589595,1441407.514450867,1420228.323699422,1721417.9190751445,1442374.2138728325,693.3013571526352,1386.6027143052704,,
stream1m,8,cold,generic,5,5,1,0,1630048.75,1624481.5,1658322.625,1625259.375,1638599.125,1624481.5,1658322.625,1628000.0,1623687.5,1655012.5,13040390.0,613.4785846128835,1226.957169225767,13040390,13235023.4
stream1m,8,cold,native,5,5,1,0,1320767.75,1307281.75,1336732.0,1310780.375,1326365.625,1307281.75,1336732.0,1320450.0,1306975.0,1336350.0,10566142.0,757.1353858390319,1514.2707716780637,10566142,10677269.8
stream1m,8,steady,generic,5,5,25,8,1567409.495,1547078.025,1652533.855,1549970.35,1585092.355,1547078.025,1652533.855,1567312.5,1547026.5,1652512.0,12539275.96,637.9953695508269,1275.9907391016538,,
stream1m,8,steady,native,5,5,25,8,1297766.13,1284717.245,1693926.825,1288160.505,1365703.495,1284717.245,1693926.825,1297749.0,1284700.0,1693877.0,10382129.04,770.5548610673019,1541.1097221346038,,
stream1m,32,cold,generic,5,5,1,0,1613329.90625,1607215.59375,1851934.34375,1610084.5,1627883.375,1607215.59375,1851934.34375,1612087.5,1606831.25,1850984.375,51626557.0,619.836027415115,1239.67205483023,51626557,57827972.8
stream1m,32,cold,native,5,5,1,0,1319319.46875,1305599.0,1483442.375,1307447.3125,1347774.4375,1305599.0,1483442.375,1319246.875,1304631.25,1482456.25,42218223.0,757.9665302350598,1515.9330604701197,42218223,46601881.2
stream1m,32,steady,generic,5,5,7,8,1597233.3125,1592509.080357143,1703779.7767857143,1596901.2232142857,1611995.3839285714,1592509.080357143,1703779.7767857143,1597213.8392857143,1592486.1607142857,1703619.642857143,51111466.0,626.0826093307518,1252.1652186615036,,
stream1m,32,steady,native,5,5,7,8,1308450.8169642857,1279574.388392857,1373233.4955357143,1293440.4107142857,1327630.2857142857,1279574.388392857,1373233.4955357143,1308433.482142857,1279534.375,1373216.9642857143,41870426.14285714,764.2625821580997,1528.5251643161994,,
stream1m,128,cold,generic,5,5,1,0,1644187.5078125,1617364.359375,1895126.1015625,1640155.28125,1647528.640625,1617364.359375,1895126.1015625,1643936.71875,1617105.46875,1894875.0,210456001.0,608.2031369587793,1216.4062739175586,210456001,236237646.0
stream1m,128,cold,native,5,5,1,0,1345193.2578125,1320101.6640625,1444651.296875,1323617.859375,1347826.90625,1320101.6640625,1444651.296875,1344973.4375,1319838.28125,1444372.65625,172184737.0,743.3876093210282,1486.7752186420564,172184737,182436661.6
stream1m,128,steady,generic,5,5,2,8,1607609.59765625,1599895.7421875,1683480.22265625,1605543.66796875,1610906.5546875,1599895.7421875,1683480.22265625,1607591.796875,1599873.828125,1683457.8125,205774028.5,622.0415711985733,1244.0831423971465,,
stream1m,128,steady,native,5,5,2,8,1347520.65625,1328885.51171875,1441293.640625,1339331.46484375,1395861.26953125,1328885.51171875,1441293.640625,1347500.390625,1328865.625,1441200.78125,172482644.0,742.1036518897519,1484.2073037795037,,
stream32k,1,cold,generic,5,150,1,0,418564.13333333336,400925.8,431666.3333333333,408602.6,425961.76666666666,400925.8,431666.3333333333,405306.6666666667,398600.0,413553.3333333333,418564.13333333336,2389.1201380210628,149.32000862631642,380354.5,526079.9999999998
stream32k,1,cold,native,5,150,1,0,345325.1,341033.9666666667,372645.43333333335,343138.4,345723.6666666667,341033.9666666667,372645.43333333335,340316.6666666667,335696.6666666667,369170.0,345325.1,2895.8219370674187,180.98887106671367,340204.0,421324.44999999995
stream32k,1,steady,generic,5,5,2998,2048,100806.82688458973,98830.53468979319,103919.82621747832,99275.66377585057,101620.54436290861,98830.53468979319,103919.82621747832,100805.4036024016,98829.35290193462,103918.4122748499,100806.82688458973,9919.963071001785,619.9976919376115,,
stream32k,1,steady,native,5,5,2998,2048,81925.05703802535,81309.35790527018,105281.67945296864,81498.37591727819,86287.49099399599,81309.35790527018,105281.67945296864,81923.84923282189,81306.50433622416,105280.4202801868,81925.05703802535,12206.277739127505,762.892358695469,,
stream32k,8,cold,generic,5,55,1,0,135715.5909090909,129283.69318181818,182039.68181818182,135223.56818181818,142351.8409090909,129283.69318181818,182039.68181818182,134931.81818181818,128944.31818181818,177804.54545454544,1085724.7272727273,7368.350189550809,460.52188684692555,1060615,1444857.7
stream32k,8,cold,native,5,55,1,0,117295.98863636363,112842.59090909091,155423.44318181818,115830.10227272728,136904.05681818182,112842.59090909091,155423.44318181818,116200.0,112452.27272727272,151396.5909090909,938367.9090909091,8525.440738644185,532.8400461652616,921014,1339577.9999999998
stream32k,8,steady,generic,5,5,430,256,84762.55784883721,84263.90319767442,89440.25813953488,84643.41773255814,88283.0034883721,84263.90319767442,89440.25813953488,84759.6511627907,84262.5,89439.15697674418,678100.4627906977,11797.661908496997,737.3538692810623,,
stream32k,8,steady,native,5,5,430,256,72432.31802325581,72032.63488372094,95694.72877906977,72421.34680232558,72615.26860465117,72032.63488372094,95694.72877906977,72431.19186046511,72029.47674418605,95691.36627906977,579458.5441860465,13805.99195622775,862.8744972642344,,
stream32k,32,cold,generic,5,20,1,0,102639.671875,99956.9296875,119507.796875,100624.640625,104131.2265625,99956.9296875,119507.796875,102495.3125,99832.03125,118093.75,3284469.5,9742.821481520836,608.9263425950522,3261396.0,3837509.4500000007
stream32k,32,cold,native,5,20,1,0,86819.2578125,86319.0,91458.21875,86555.0859375,87040.3359375,86319.0,91458.21875,86750.0,85378.90625,91378.90625,2778216.25,11518.181854994189,719.8863659371368,2797938.0,2985919.0
stream32k,32,steady,generic,5,5,110,64,85760.04289772727,83074.22272727273,102132.72755681818,83325.28011363637,87969.63465909091,83074.22272727273,102132.72755681818,85756.44886363637,83072.98295454546,102131.59090909091,2744321.3727272726,11660.441928562761,728.7776205351726,,
stream32k,32,steady,native,5,5,110,64,72408.8247159091,70636.88238636364,97022.49573863637,71194.11789772728,74952.47727272728,70636.88238636364,97022.49573863637,72405.90909090909,70633.94886363637,97019.23295454546,2317082.390909091,13810.471360686066,863.1544600428791,,
stream32k,128,cold,generic,5,5,1,0,93410.6328125,91951.1875,95914.6953125,93120.796875,95594.359375,91951.1875,95914.6953125,93391.40625,91929.6875,95890.625,11956561.0,10705.41939275014,669.0887120468838,11956561,12268880.4
stream32k,128,cold,native,5,5,1,0,81499.4921875,79572.9453125,83100.4296875,79960.5546875,81883.9296875,79572.9453125,83100.4296875,81477.34375,79550.78125,83078.125,10431935.0,12270.015102663121,766.8759439164451,10431935,10605712.6
stream32k,128,steady,generic,5,5,28,32,85214.06333705357,83322.27650669643,85266.17047991071,83629.95842633929,85235.22628348214,83322.27650669643,85266.17047991071,85206.97544642857,83321.2890625,85265.15066964286,10907400.107142856,11735.152166663209,733.4470104164506,,
stream32k,128,steady,native,5,5,28,32,72679.38002232143,71855.65848214286,75258.63978794643,72011.75920758929,73398.12444196429,71855.65848214286,75258.63978794643,72676.08816964286,71851.89732142857,75251.25558035714,9302960.642857144,13759.060681212168,859.9412925757605,,
